"Snippet_id","Msg_id"
"1","571"
"2","603"
"3","445"
"4","896"
"5","298"
"6","318"
"7","960"
"8","376"
"9","795"
"10","688"
"11","639"
"12","721"
"13","709"
"14","113"
"15","780"
"16","181"
"17","688"
"18","834"
"19","135"
"20","284"
"21","905"
"22","86"
"23","411"
"24","835"
"25","881"
"26","820"
"27","463"
"28","44"
"29","12"
"30","740"
"31","499"
"32","856"
"33","152"
"34","480"
"35","880"
"36","886"
"37","398"
"38","504"
"39","171"
"40","952"
"41","503"
"42","72"
"43","550"
"44","62"
"45","965"
"46","271"
"47","282"
"48","99"
"49","638"
"50","603"
"51","332"
"52","143"
"53","478"
"54","481"
"55","250"
"56","731"
"57","598"
"58","486"
"59","102"
"60","937"
"61","29"
"62","693"
"63","205"
"64","693"
"65","240"
"66","539"
"67","256"
"68","283"
"69","277"
"70","197"
"71","800"
"72","807"
"73","174"
"74","890"
"75","586"
"76","435"
"77","600"
"78","11"
"79","953"
"80","799"
"81","410"
"82","165"
"83","560"
"84","772"
"85","83"
"86","760"
"87","514"
"88","538"
"89","738"
"90","696"
"91","202"
"92","764"
"93","521"
"94","281"
"95","131"
"96","637"
"97","268"
"98","936"
"99","70"
"100","88"
"101","796"
"102","658"
"103","829"
"104","530"
"105","763"
"106","35"
"107","418"
"108","980"
"109","17"
"110","464"
"111","922"
"112","240"
"113","367"
"114","971"
"115","336"
"116","979"
"117","729"
"118","391"
"119","426"
"120","729"
"121","317"
"122","586"
"123","926"
"124","599"
"125","975"
"126","507"
"127","475"
"128","920"
"129","700"
"130","82"
"131","687"
"132","573"
"133","896"
"134","771"
"135","19"
"136","479"
"137","503"
"138","992"
"139","210"
"140","873"
"141","482"
"142","448"
"143","157"
"144","261"
"145","895"
"146","858"
"147","343"
"148","71"
"149","340"
"150","932"
"151","245"
"152","543"
"153","21"
"154","908"
"155","185"
"156","472"
"157","548"
"158","564"
"159","921"
"160","326"
"161","120"
"162","865"
"163","631"
"164","513"
"165","879"
"166","744"
"167","703"
"168","51"
"169","27"
"170","616"
"171","703"
"172","165"
"173","771"
"174","458"
"175","667"
"176","491"
"177","909"
"178","16"
"179","334"
"180","892"
"181","628"
"182","309"
"183","284"
"184","781"
"185","911"
"186","767"
"187","363"
"188","656"
"189","322"
"190","105"
"191","904"
"192","780"
"193","540"
"194","478"
"195","515"
"196","858"
"197","6"
"198","491"
"199","774"
"200","760"
"201","562"
"202","65"
"203","173"
"204","814"
"205","462"
"206","95"
"207","43"
"208","957"
"209","941"
"210","18"
"211","710"
"212","367"
"213","411"
"214","427"
"215","380"
"216","504"
"217","707"
"218","689"
"219","557"
"220","585"
"221","678"
"222","580"
"223","166"
"224","694"
"225","98"
"226","285"
"227","400"
"228","66"
"229","113"
"230","471"
"231","294"
"232","375"
"233","947"
"234","392"
"235","25"
"236","107"
"237","136"
"238","58"
"239","855"
"240","970"
"241","225"
"242","756"
"243","210"
"244","942"
"245","702"
"246","769"
"247","771"
"248","116"
"249","153"
"250","399"
"251","796"
"252","926"
"253","27"
"254","839"
"255","872"
"256","511"
"257","30"
"258","452"
"259","938"
"260","583"
"261","663"
"262","908"
"263","713"
"264","544"
"265","869"
"266","323"
"267","743"
"268","756"
"269","932"
"270","653"
"271","311"
"272","742"
"273","459"
"274","270"
"275","896"
"276","91"
"277","28"
"278","976"
"279","760"
"280","488"
"281","22"
"282","638"
"283","100"
"284","882"
"285","593"
"286","401"
"287","18"
"288","669"
"289","594"
"290","580"
"291","968"
"292","505"
"293","191"
"294","36"
"295","785"
"296","961"
"297","127"
"298","881"
"299","356"
"300","680"
"301","65"
"302","680"
"303","415"
"304","917"
"305","340"
"306","473"
"307","336"
"308","787"
"309","269"
"310","408"
"311","659"
"312","442"
"313","746"
"314","262"
"315","385"
"316","688"
"317","908"
"318","964"
"319","796"
"320","101"
"321","339"
"322","604"
"323","99"
"324","583"
"325","832"
"326","402"
"327","301"
"328","570"
"329","415"
"330","50"
"331","772"
"332","318"
"333","422"
"334","175"
"335","377"
"336","861"
"337","711"
"338","159"
"339","339"
"340","813"
"341","22"
"342","416"
"343","620"
"344","77"
"345","72"
"346","276"
"347","584"
"348","552"
"349","248"
"350","442"
"351","561"
"352","820"
"353","926"
"354","277"
"355","110"
"356","69"
"357","125"
"358","265"
"359","85"
"360","590"
"361","22"
"362","467"
"363","196"
"364","195"
"365","693"
"366","88"
"367","878"
"368","229"
"369","204"
"370","273"
"371","284"
"372","62"
"373","355"
"374","258"
"375","800"
"376","727"
"377","865"
"378","459"
"379","816"
"380","505"
"381","926"
"382","820"
"383","474"
"384","478"
"385","596"
"386","537"
"387","831"
"388","761"
"389","68"
"390","695"
"391","106"
"392","328"
"393","385"
"394","334"
"395","377"
"396","314"
"397","530"
"398","10"
"399","151"
"400","783"
"401","181"
"402","843"
"403","9"
"404","201"
"405","335"
"406","860"
"407","842"
"408","962"
"409","646"
"410","293"
"411","459"
"412","451"
"413","623"
"414","94"
"415","1000"
"416","392"
"417","76"
"418","669"
"419","350"
"420","103"
"421","664"
"422","205"
"423","146"
"424","381"
"425","840"
"426","681"
"427","140"
"428","347"
"429","788"
"430","965"
"431","13"
"432","486"
"433","123"
"434","441"
"435","616"
"436","468"
"437","697"
"438","476"
"439","187"
"440","707"
"441","723"
"442","360"
"443","186"
"444","438"
"445","656"
"446","745"
"447","182"
"448","189"
"449","819"
"450","801"
"451","149"
"452","16"
"453","109"
"454","1"
"455","613"
"456","684"
"457","344"
"458","884"
"459","604"
"460","993"
"461","514"
"462","328"
"463","53"
"464","796"
"465","439"
"466","133"
"467","301"
"468","422"
"469","908"
"470","492"
"471","568"
"472","631"
"473","896"
"474","702"
"475","369"
"476","913"
"477","32"
"478","344"
"479","494"
"480","736"
"481","805"
"482","612"
"483","779"
"484","965"
"485","569"
"486","888"
"487","245"
"488","162"
"489","785"
"490","45"
"491","977"
"492","939"
"493","444"
"494","59"
"495","920"
"496","704"
"497","202"
"498","418"
"499","225"
"500","605"
