"Msg_id","Session_id"
"1","158"
"2","161"
"3","174"
"4","126"
"5","186"
"6","153"
"7","137"
"8","177"
"9","149"
"10","165"
"11","178"
"12","125"
"13","190"
"14","182"
"15","102"
"16","116"
"17","161"
"18","196"
"19","113"
"20","134"
"21","147"
"22","109"
"23","114"
"24","105"
"25","150"
"26","131"
"27","153"
"28","129"
"29","122"
"30","193"
"31","185"
"32","113"
"33","190"
"34","183"
"35","189"
"36","160"
"37","187"
"38","106"
"39","194"
"40","112"
"41","188"
"42","169"
"43","176"
"44","189"
"45","155"
"46","148"
"47","145"
"48","176"
"49","108"
"50","113"
"51","199"
"52","174"
"53","135"
"54","104"
"55","149"
"56","161"
"57","129"
"58","191"
"59","163"
"60","119"
"61","120"
"62","115"
"63","193"
"64","153"
"65","152"
"66","189"
"67","107"
"68","114"
"69","199"
"70","124"
"71","142"
"72","148"
"73","129"
"74","106"
"75","138"
"76","143"
"77","189"
"78","127"
"79","155"
"80","144"
"81","175"
"82","198"
"83","157"
"84","119"
"85","147"
"86","156"
"87","157"
"88","194"
"89","149"
"90","150"
"91","100"
"92","199"
"93","108"
"94","143"
"95","151"
"96","170"
"97","148"
"98","121"
"99","149"
"100","174"
"101","191"
"102","173"
"103","192"
"104","192"
"105","189"
"106","111"
"107","182"
"108","146"
"109","139"
"110","104"
"111","151"
"112","160"
"113","194"
"114","110"
"115","120"
"116","195"
"117","105"
"118","124"
"119","124"
"120","117"
"121","189"
"122","196"
"123","128"
"124","155"
"125","110"
"126","118"
"127","192"
"128","189"
"129","108"
"130","127"
"131","161"
"132","185"
"133","102"
"134","172"
"135","130"
"136","126"
"137","143"
"138","141"
"139","135"
"140","194"
"141","106"
"142","175"
"143","183"
"144","193"
"145","183"
"146","157"
"147","137"
"148","146"
"149","134"
"150","151"
"151","160"
"152","117"
"153","100"
"154","155"
"155","179"
"156","100"
"157","143"
"158","120"
"159","159"
"160","131"
"161","179"
"162","120"
"163","162"
"164","141"
"165","136"
"166","157"
"167","186"
"168","152"
"169","120"
"170","139"
"171","192"
"172","188"
"173","150"
"174","118"
"175","186"
"176","131"
"177","198"
"178","102"
"179","171"
"180","188"
"181","128"
"182","138"
"183","124"
"184","148"
"185","170"
"186","104"
"187","154"
"188","180"
"189","106"
"190","106"
"191","177"
"192","146"
"193","139"
"194","187"
"195","125"
"196","130"
"197","105"
"198","132"
"199","119"
"200","133"
"201","145"
"202","199"
"203","172"
"204","153"
"205","162"
"206","111"
"207","178"
"208","138"
"209","154"
"210","111"
"211","115"
"212","147"
"213","186"
"214","189"
"215","121"
"216","120"
"217","174"
"218","105"
"219","161"
"220","121"
"221","182"
"222","157"
"223","160"
"224","160"
"225","186"
"226","162"
"227","147"
"228","175"
"229","179"
"230","126"
"231","174"
"232","169"
"233","155"
"234","128"
"235","179"
"236","117"
"237","143"
"238","194"
"239","156"
"240","172"
"241","168"
"242","123"
"243","131"
"244","106"
"245","160"
"246","127"
"247","149"
"248","119"
"249","192"
"250","163"
"251","120"
"252","111"
"253","181"
"254","139"
"255","126"
"256","160"
"257","134"
"258","114"
"259","158"
"260","145"
"261","154"
"262","165"
"263","175"
"264","190"
"265","169"
"266","195"
"267","196"
"268","126"
"269","127"
"270","158"
"271","178"
"272","169"
"273","107"
"274","156"
"275","131"
"276","179"
"277","194"
"278","133"
"279","167"
"280","113"
"281","177"
"282","139"
"283","169"
"284","132"
"285","148"
"286","151"
"287","154"
"288","170"
"289","119"
"290","151"
"291","116"
"292","195"
"293","163"
"294","121"
"295","125"
"296","168"
"297","192"
"298","114"
"299","137"
"300","188"
"301","110"
"302","131"
"303","143"
"304","165"
"305","147"
"306","116"
"307","184"
"308","145"
"309","129"
"310","194"
"311","130"
"312","171"
"313","162"
"314","189"
"315","121"
"316","159"
"317","185"
"318","197"
"319","170"
"320","158"
"321","119"
"322","136"
"323","195"
"324","121"
"325","193"
"326","138"
"327","146"
"328","109"
"329","142"
"330","107"
"331","126"
"332","187"
"333","108"
"334","169"
"335","117"
"336","100"
"337","170"
"338","117"
"339","139"
"340","118"
"341","185"
"342","146"
"343","134"
"344","181"
"345","133"
"346","122"
"347","143"
"348","129"
"349","117"
"350","153"
"351","156"
"352","165"
"353","121"
"354","123"
"355","186"
"356","140"
"357","149"
"358","163"
"359","106"
"360","159"
"361","133"
"362","162"
"363","160"
"364","127"
"365","151"
"366","111"
"367","162"
"368","160"
"369","168"
"370","195"
"371","140"
"372","193"
"373","142"
"374","181"
"375","150"
"376","127"
"377","158"
"378","188"
"379","102"
"380","196"
"381","117"
"382","117"
"383","120"
"384","198"
"385","177"
"386","175"
"387","154"
"388","193"
"389","146"
"390","144"
"391","123"
"392","110"
"393","123"
"394","114"
"395","153"
"396","147"
"397","186"
"398","154"
"399","172"
"400","152"
"401","158"
"402","167"
"403","158"
"404","144"
"405","153"
"406","143"
"407","140"
"408","172"
"409","155"
"410","195"
"411","119"
"412","130"
"413","117"
"414","144"
"415","138"
"416","190"
"417","107"
"418","102"
"419","131"
"420","159"
"421","183"
"422","170"
"423","199"
"424","156"
"425","177"
"426","189"
"427","169"
"428","100"
"429","189"
"430","153"
"431","141"
"432","165"
"433","109"
"434","172"
"435","195"
"436","143"
"437","180"
"438","134"
"439","139"
"440","158"
"441","169"
"442","178"
"443","197"
"444","154"
"445","154"
"446","160"
"447","176"
"448","143"
"449","160"
"450","170"
"451","113"
"452","109"
"453","105"
"454","178"
"455","137"
"456","126"
"457","165"
"458","115"
"459","198"
"460","120"
"461","122"
"462","189"
"463","119"
"464","132"
"465","170"
"466","181"
"467","187"
"468","165"
"469","113"
"470","171"
"471","121"
"472","134"
"473","153"
"474","128"
"475","179"
"476","130"
"477","156"
"478","197"
"479","199"
"480","148"
"481","177"
"482","143"
"483","175"
"484","175"
"485","109"
"486","141"
"487","182"
"488","116"
"489","162"
"490","126"
"491","133"
"492","134"
"493","181"
"494","173"
"495","180"
"496","120"
"497","164"
"498","173"
"499","161"
"500","131"
"501","191"
"502","160"
"503","101"
"504","156"
"505","172"
"506","153"
"507","182"
"508","108"
"509","186"
"510","131"
"511","182"
"512","145"
"513","198"
"514","149"
"515","173"
"516","177"
"517","153"
"518","128"
"519","113"
"520","193"
"521","134"
"522","168"
"523","149"
"524","151"
"525","156"
"526","194"
"527","142"
"528","154"
"529","105"
"530","124"
"531","198"
"532","133"
"533","180"
"534","101"
"535","178"
"536","134"
"537","143"
"538","150"
"539","117"
"540","146"
"541","121"
"542","179"
"543","138"
"544","140"
"545","174"
"546","149"
"547","112"
"548","123"
"549","134"
"550","171"
"551","108"
"552","152"
"553","194"
"554","172"
"555","164"
"556","105"
"557","142"
"558","139"
"559","135"
"560","187"
"561","167"
"562","183"
"563","124"
"564","143"
"565","139"
"566","108"
"567","165"
"568","114"
"569","116"
"570","190"
"571","199"
"572","187"
"573","107"
"574","172"
"575","197"
"576","164"
"577","155"
"578","114"
"579","176"
"580","138"
"581","118"
"582","137"
"583","177"
"584","180"
"585","119"
"586","189"
"587","134"
"588","152"
"589","150"
"590","199"
"591","102"
"592","145"
"593","193"
"594","197"
"595","172"
"596","173"
"597","109"
"598","116"
"599","182"
"600","195"
"601","176"
"602","178"
"603","137"
"604","116"
"605","139"
"606","134"
"607","147"
"608","119"
"609","106"
"610","135"
"611","164"
"612","161"
"613","158"
"614","125"
"615","115"
"616","146"
"617","119"
"618","104"
"619","147"
"620","101"
"621","166"
"622","187"
"623","115"
"624","185"
"625","115"
"626","145"
"627","157"
"628","181"
"629","130"
"630","172"
"631","112"
"632","103"
"633","197"
"634","100"
"635","196"
"636","193"
"637","198"
"638","195"
"639","172"
"640","159"
"641","159"
"642","172"
"643","121"
"644","173"
"645","193"
"646","129"
"647","167"
"648","128"
"649","154"
"650","172"
"651","115"
"652","122"
"653","183"
"654","173"
"655","182"
"656","130"
"657","151"
"658","117"
"659","176"
"660","157"
"661","121"
"662","180"
"663","106"
"664","125"
"665","142"
"666","137"
"667","186"
"668","189"
"669","125"
"670","158"
"671","133"
"672","112"
"673","189"
"674","158"
"675","111"
"676","116"
"677","184"
"678","195"
"679","188"
"680","136"
"681","124"
"682","112"
"683","198"
"684","153"
"685","155"
"686","189"
"687","116"
"688","121"
"689","112"
"690","123"
"691","139"
"692","143"
"693","153"
"694","156"
"695","107"
"696","198"
"697","184"
"698","103"
"699","152"
"700","134"
